{"cameraMode":{"drawMode":0,"name":"Shaded","section":"Shading Mode"},"sceneLighting":true,"audioPlay":false,"sceneViewState":{"showFog":true,"showMaterialUpdate":false,"showSkybox":true,"showFlares":true,"showImageEffects":true,"showParticleSystems":true},"in2DMode":false,"pivot":{"x":-1.2323150634765626,"y":0.8781474828720093,"z":0.9719245433807373},"rotation":{"x":-0.10523908585309982,"y":0.8186010718345642,"z":-0.1589590460062027,"w":-0.5418317914009094},"size":1.5490870475769044,"orthographic":false}